{"salary": 81619.907883319116, "similar": [{"salary": 41000, "linkedinlink": "https://www.linkedin.com/in/timhall5", "githublink": "https://github.com/timhall1", "job": "Account Manager at Aerotek"}, {"salary": 82000, "linkedinlink": "https://www.linkedin.com/in/pxtang", "githublink": "https://github.com/pxtang", "job": "Technical Program Manager at Facebook"}, {"salary": 77000, "linkedinlink": "https://www.linkedin.com/in/ntylerwarner", "githublink": "https://github.com/ntylerwarner", "job": "-"}]}